"reference","rename","multi"
"Anderson et al 2014 Ibis 156, 23–34","Anderson et al 2014 Ibis 156, 23–34","false"
"Anderson et al 2014 Ibis 156, 23–39","Anderson et al 2014 Ibis 156, 23–34","false"
"Anderson et al 2014 Ibis 156, 23–40","Anderson et al 2014 Ibis 156, 23–34","false"
"Anderson et al 2014 Ibis 156, 23–41","Anderson et al 2014 Ibis 156, 23–34","false"
"Anderson et al 2014 Ibis 156, 23–42","Anderson et al 2014 Ibis 156, 23–34","false"
"Bailey et al 1991 ICES Mar. Sci. Symp., 193, 209–216.","Bailey et al 1991 ICES Mar. Sci. Symp., 193, 209–216","false"
"Bailey et al 1991 ICES Mar. Sci. Symp., 193, 209–216; Furness 1990 Ibis 132, 205–217","Bailey et al 1991 ICES Mar. Sci. Symp., 193, 209–216; Furness 1990 Ibis 132, 205-217","false"
"Baker et 1999 JNCC Report 289, 1–51","Baker et 1999 JNCC Report 289, 1–51","false"
"Blake BF 1984 J. Exp. Mar.Biol. Ecol. 76, 89-103","Blake BF 1984 J. Experimental. Mar.Biol. Ecol. 76, 89-103","false"
"Blake 1984 J Exp Mar Biol Ecol 76,89-103","Blake BF 1984 J. Experimental. Mar.Biol. Ecol. 76, 89-103","false"
"Blake et al 1955 Estuarine, Coastal & Shelf Science 20, 559-568","Blake et al 1955 Estuarine, Coastal & Shelf Science 20, 559-568","false"
"Blake et al 1980 Unpubl NCC Report","Blake et al 1980 Unpubl NCC Report","false"
"Blake et al 1985 Estuarine, Coastal & Shelf Science 20, 559-568","Blake et al 1985 Estuarine, Coastal & Shelf Science 20, 559-568","false"
"Blake et al 1995 Estuarine, Coastal & Shelf Science 20, 559-568","Blake et al 1985 Estuarine, Coastal & Shelf Science 20, 559-568","false"
"Bull et al 2004 Ardea 92, 43–52","Bull et al 2004 Ardea 92, 43–52","false"
"Bull et al 2004 Ardea 92, 43–52 & Bull  et al 2001 JNCC Report, No. 303, Daunt & Wanless IMLOT 1973-2014","Bull et al 2004 Ardea 92, 43–52; Bull  et al 2001 JNCC Report, No. 303; Daunt & Wanless IMLOT 1973-2014","false"
"Camphuysen & van Franeker 1996 Sula 10: 143-150","Camphuysen & van Franeker 1996 Sula 10: 143-150","false"
"Chivers 2012 Bird Study 59, 363–367","Chivers 2012 Bird Study 59, 363–367","false"
"Chivers et al 2012 Bird Study 39, 67-73","Chivers et al 2012 Bird Study 59, 67-73","false"
"Corkhill 1973 Bird Study 20,207-220","Corkhill 1973 Bird Study 20,207-220","false"
"Coulson 1985 Journal of Animal Ecology 54, 9–26","Coulson 1985 Journal of Animal Ecology 54, 9–26","false"
"Daunt & Wanless IMLOT 1973-2014","Daunt & Wanless IMLOT 1973-2014","false"
"Daunt & Wanless IMLOT 1973-2015","Daunt & Wanless IMLOT 1973-2014","false"
"Daunt & Wanless IMLOT 1973-2016","Daunt & Wanless IMLOT 1973-2014","false"
"Daunt & Wanless IMLOT 1973-2017","Daunt & Wanless IMLOT 1973-2014","false"
"Daunt & Wanless IMLOT 1973-2018","Daunt & Wanless IMLOT 1973-2014","false"
"Daunt & Wanless IMLOT 1973-2019","Daunt & Wanless IMLOT 1973-2014","false"
"Daunt & Wanless IMLOT 1973-2020","Daunt & Wanless IMLOT 1973-2014","false"
"Daunt & Wanless IMLOT 1973-2021","Daunt & Wanless IMLOT 1973-2014","false"
"Daunt & Wanless IMLOT 1973-2022","Daunt & Wanless IMLOT 1973-2014","false"
"Daunt & Wanless IMLOT 1973-2023","Daunt & Wanless IMLOT 1973-2014","false"
"Daunt & Wanless IMLOT 1973-2024","Daunt & Wanless IMLOT 1973-2014","false"
"Daunt & Wanless IMLOT 1973-2025","Daunt & Wanless IMLOT 1973-2014","false"
"Daunt & Wanless IMLOT 1973-2026","Daunt & Wanless IMLOT 1973-2014","false"
"Daunt & Wanless IMLOT 1973-2027","Daunt & Wanless IMLOT 1973-2014","false"
"Daunt & Wanless IMLOT 1973-2028","Daunt & Wanless IMLOT 1973-2014","false"
"Daunt & Wanless IMLOT 1973-2029","Daunt & Wanless IMLOT 1973-2014","false"
"Daunt & Wanless IMLOT 1973-2030","Daunt & Wanless IMLOT 1973-2014","false"
"Daunt & Wanless IMLOT 1973-2031","Daunt & Wanless IMLOT 1973-2014","false"
"Daunt & Wanless IMLOT 1973-2032","Daunt & Wanless IMLOT 1973-2014","false"
"Daunt & Wanless IMLOT 1973-2033","Daunt & Wanless IMLOT 1973-2014","false"
"Daunt & Wanless IMLOT 1973-2034","Daunt & Wanless IMLOT 1973-2014","false"
"Daunt & Wanless IMLOT 1973-2035","Daunt & Wanless IMLOT 1973-2014","false"
"Daunt & Wanless IMLOT 1973-2036","Daunt & Wanless IMLOT 1973-2014","false"
"Daunt & Wanless IMLOT 1973-2037","Daunt & Wanless IMLOT 1973-2014","false"
"Daunt & Wanless IMLOT 1973-2038","Daunt & Wanless IMLOT 1973-2014","false"
"Daunt & Wanless IMLOT 1973-2039","Daunt & Wanless IMLOT 1973-2014","false"
"Daunt & Wanless IMLOT 1973-2040","Daunt & Wanless IMLOT 1973-2014","false"
"Daunt & Wanless IMLOT 1973-2041","Daunt & Wanless IMLOT 1973-2014","false"
"Daunt & Wanless IMLOT 1973-2042","Daunt & Wanless IMLOT 1973-2014","false"
"Daunt & Wanless IMLOT 1973-2043","Daunt & Wanless IMLOT 1973-2014","false"
"Daunt & Wanless IMLOT 1973-2044","Daunt & Wanless IMLOT 1973-2014","false"
"Daunt & Wanless IMLOT 1973-2045","Daunt & Wanless IMLOT 1973-2014","false"
"Daunt & Wanless IMLOT 1973-2046","Daunt & Wanless IMLOT 1973-2014","false"
"Daunt & Wanless IMLOT 1973-2047","Daunt & Wanless IMLOT 1973-2014","false"
"Daunt & Wanless IMLOT 1973-2048","Daunt & Wanless IMLOT 1973-2014","false"
"Daunt & Wanless IMLOT 1973-2049","Daunt & Wanless IMLOT 1973-2014","false"
"Daunt & Wanless IMLOT 1973-2050","Daunt & Wanless IMLOT 1973-2014","false"
"Daunt & Wanless IMLOT 1973-2051","Daunt & Wanless IMLOT 1973-2014","false"
"Daunt & Wanless IMLOT 1973-2052","Daunt & Wanless IMLOT 1973-2014","false"
"Daunt & Wanless IMLOT 1973-2053","Daunt & Wanless IMLOT 1973-2014","false"
"Daunt & Wanless IMLOT 1973-2054","Daunt & Wanless IMLOT 1973-2014","false"
"Daunt & Wanless IMLOT 1973-2055","Daunt & Wanless IMLOT 1973-2014","false"
"Daunt & Wanless IMLOT 1973-2056","Daunt & Wanless IMLOT 1973-2014","false"
"Daunt & Wanless IMLOT 1973-2057","Daunt & Wanless IMLOT 1973-2014","false"
"Daunt & Wanless IMLOT 1973-2058","Daunt & Wanless IMLOT 1973-2014","false"
"Daunt & Wanless IMLOT 1973-2059","Daunt & Wanless IMLOT 1973-2014","false"
"Daunt & Wanless IMLOT 1973-2060","Daunt & Wanless IMLOT 1973-2014","false"
"Daunt & Wanless IMLOT 1973-2061","Daunt & Wanless IMLOT 1973-2014","false"
"Daunt & Wanless IMLOT 1973-2062","Daunt & Wanless IMLOT 1973-2014","false"
"Daunt & Wanless IMLOT 1973-2063","Daunt & Wanless IMLOT 1973-2014","false"
"Daunt & Wanless IMLOT 1973-2064","Daunt & Wanless IMLOT 1973-2014","false"
"Daunt & Wanless IMLOT 1973-2065","Daunt & Wanless IMLOT 1973-2014","false"
"Daunt & Wanless IMLOT 1973-2066","Daunt & Wanless IMLOT 1973-2014","false"
"Daunt & Wanless IMLOT 1973-2067","Daunt & Wanless IMLOT 1973-2014","false"
"Daunt & Wanless IMLOT 1973-2068","Daunt & Wanless IMLOT 1973-2014","false"
"Daunt & Wanless IMLOT 1973-2069","Daunt & Wanless IMLOT 1973-2014","false"
"Daunt & Wanless IMLOT 1973-2070","Daunt & Wanless IMLOT 1973-2014","false"
"Daunt & Wanless IMLOT 1973-2071","Daunt & Wanless IMLOT 1973-2014","false"
"Daunt & Wanless IMLOT 1973-2072","Daunt & Wanless IMLOT 1973-2014","false"
"Daunt & Wanless IMLOT 1973-2073","Daunt & Wanless IMLOT 1973-2014","false"
"Daunt & Wanless IMLOT 1973-2074","Daunt & Wanless IMLOT 1973-2014","false"
"Daunt & Wanless IMLOT 1973-2075","Daunt & Wanless IMLOT 1973-2014","false"
"Daunt & Wanless IMLOT 1973-2076","Daunt & Wanless IMLOT 1973-2014","false"
"Daunt & Wanless IMLOT 1973-2077","Daunt & Wanless IMLOT 1973-2014","false"
"Daunt & Wanless IMLOT 1973-2078","Daunt & Wanless IMLOT 1973-2014","false"
"Daunt & Wanless IMLOT 1973-2079","Daunt & Wanless IMLOT 1973-2014","false"
"Daunt & Wanless IMLOT 1973-2080","Daunt & Wanless IMLOT 1973-2014","false"
"Daunt & Wanless IMLOT 1973-2081","Daunt & Wanless IMLOT 1973-2014","false"
"Daunt & Wanless IMLOT 1973-2082","Daunt & Wanless IMLOT 1973-2014","false"
"Daunt & Wanless IMLOT 1973-2083","Daunt & Wanless IMLOT 1973-2014","false"
"Daunt & Wanless IMLOT 1973-2084","Daunt & Wanless IMLOT 1973-2014","false"
"Daunt & Wanless IMLOT 1973-2085","Daunt & Wanless IMLOT 1973-2014","false"
"Daunt & Wanless IMLOT 1973-2086","Daunt & Wanless IMLOT 1973-2014","false"
"Daunt & Wanless IMLOT 1973-2087","Daunt & Wanless IMLOT 1973-2014","false"
"Daunt & Wanless IMLOT 1973-2088","Daunt & Wanless IMLOT 1973-2014","false"
"Daunt & Wanless IMLOT 1973-2089","Daunt & Wanless IMLOT 1973-2014","false"
"Daunt & Wanless IMLOT 1973-2090","Daunt & Wanless IMLOT 1973-2014","false"
"Daunt & Wanless IMLOT 1973-2091","Daunt & Wanless IMLOT 1973-2014","false"
"Daunt & Wanless IMLOT 1973-2092","Daunt & Wanless IMLOT 1973-2014","false"
"Daunt & Wanless IMLOT 1973-2093","Daunt & Wanless IMLOT 1973-2014","false"
"Daunt & Wanless IMLOT 1973-2094","Daunt & Wanless IMLOT 1973-2014","false"
"Daunt & Wanless IMLOT 1973-2095","Daunt & Wanless IMLOT 1973-2014","false"
"Daunt & Wanless IMLOT 1973-2096","Daunt & Wanless IMLOT 1973-2014","false"
"Daunt & Wanless IMLOT 1973-2097","Daunt & Wanless IMLOT 1973-2014","false"
"Daunt & Wanless IMLOT 1973-2098","Daunt & Wanless IMLOT 1973-2014","false"
"Daunt & Wanless IMLOT 1973-2099","Daunt & Wanless IMLOT 1973-2014","false"
"Daunt & Wanless IMLOT 1973-2100","Daunt & Wanless IMLOT 1973-2014","false"
"Daunt & Wanless IMLOT 1973-2101","Daunt & Wanless IMLOT 1973-2014","false"
"Daunt & Wanless IMLOT 1973-2102","Daunt & Wanless IMLOT 1973-2014","false"
"Daunt & Wanless IMLOT 1973-2103","Daunt & Wanless IMLOT 1973-2014","false"
"Daunt & Wanless IMLOT 1973-2104","Daunt & Wanless IMLOT 1973-2014","false"
"Daunt & Wanless IMLOT 1973-2105","Daunt & Wanless IMLOT 1973-2014","false"
"Daunt & Wanless IMLOT 1973-2107","Daunt & Wanless IMLOT 1973-2014","false"
"Daunt & Wanless IMLOT 1973-2108","Daunt & Wanless IMLOT 1973-2014","false"
"Daunt & Wanless IMLOT 1973-2109","Daunt & Wanless IMLOT 1973-2014","false"
"Daunt & Wanless IMLOT 1973-2110","Daunt & Wanless IMLOT 1973-2014","false"
"Daunt & Wanless IMLOT 1973-2111","Daunt & Wanless IMLOT 1973-2014","false"
"Daunt & Wanless IMLOT 1973-2112","Daunt & Wanless IMLOT 1973-2014","false"
"Daunt & Wanless IMLOT 1973-2113","Daunt & Wanless IMLOT 1973-2014","false"
"Daunt & Wanless IMLOT 1973-2114","Daunt & Wanless IMLOT 1973-2014","false"
"Daunt & Wanless IMLOT 1973-2115","Daunt & Wanless IMLOT 1973-2014","false"
"Daunt & Wanless IMLOT 1973-2116","Daunt & Wanless IMLOT 1973-2014","false"
"Daunt & Wanless IMLOT 1973-2117","Daunt & Wanless IMLOT 1973-2014","false"
"Daunt & Wanless IMLOT 1973-2118","Daunt & Wanless IMLOT 1973-2014","false"
"Daunt & Wanless IMLOT 1973-2119","Daunt & Wanless IMLOT 1973-2014","false"
"Daunt & Wanless IMLOT 1973-2120","Daunt & Wanless IMLOT 1973-2014","false"
"Daunt & Wanless IMLOT 1973-2121","Daunt & Wanless IMLOT 1973-2014","false"
"Daunt & Wanless IMLOT 1973-2122","Daunt & Wanless IMLOT 1973-2014","false"
"Daunt & Wanless IMLOT 1973-2123","Daunt & Wanless IMLOT 1973-2014","false"
"Daunt & Wanless IMLOT 1973-2124","Daunt & Wanless IMLOT 1973-2014","false"
"Daunt & Wanless IMLOT 1973-2125","Daunt & Wanless IMLOT 1973-2014","false"
"Daunt & Wanless IMLOT 1973-2126","Daunt & Wanless IMLOT 1973-2014","false"
"Daunt & Wanless IMLOT 1973-2127","Daunt & Wanless IMLOT 1973-2014","false"
"Daunt & Wanless IMLOT 1973-2128","Daunt & Wanless IMLOT 1973-2014","false"
"Daunt & Wanless IMLOT 1973-2129","Daunt & Wanless IMLOT 1973-2014","false"
"Daunt & Wanless IMLOT 1973-2130","Daunt & Wanless IMLOT 1973-2014","false"
"Daunt & Wanless IMLOT 1973-2131","Daunt & Wanless IMLOT 1973-2014","false"
"Daunt & Wanless IMLOT 1973-2132","Daunt & Wanless IMLOT 1973-2014","false"
"Daunt & Wanless IMLOT 1973-2133","Daunt & Wanless IMLOT 1973-2014","false"
"Daunt & Wanless IMLOT 1973-2134","Daunt & Wanless IMLOT 1973-2014","false"
"Daunt & Wanless IMLOT 1973-2135","Daunt & Wanless IMLOT 1973-2014","false"
"Daunt & Wanless IMLOT 1973-2136","Daunt & Wanless IMLOT 1973-2014","false"
"Daunt & Wanless IMLOT 1973-2137","Daunt & Wanless IMLOT 1973-2014","false"
"Daunt & Wanless IMLOT 1973-2138","Daunt & Wanless IMLOT 1973-2014","false"
"Daunt & Wanless IMLOT 1973-2139","Daunt & Wanless IMLOT 1973-2014","false"
"Daunt & Wanless IMLOT 1973-2140","Daunt & Wanless IMLOT 1973-2014","false"
"Daunt & Wanless IMLOT 1973-2141","Daunt & Wanless IMLOT 1973-2014","false"
"Daunt & Wanless IMLOT 1973-2142","Daunt & Wanless IMLOT 1973-2014","false"
"Daunt & Wanless IMLOT 1973-2143","Daunt & Wanless IMLOT 1973-2014","false"
"Daunt & Wanless IMLOT 1973-2144","Daunt & Wanless IMLOT 1973-2014","false"
"Daunt & Wanless IMLOT 1973-2145","Daunt & Wanless IMLOT 1973-2014","false"
"Daunt & Wanless IMLOT 1973-2146","Daunt & Wanless IMLOT 1973-2014","false"
"Daunt & Wanless IMLOT 1973-2147","Daunt & Wanless IMLOT 1973-2014","false"
"Daunt & Wanless IMLOT 1973-2148","Daunt & Wanless IMLOT 1973-2014","false"
"Daunt & Wanless IMLOT 1973-2149","Daunt & Wanless IMLOT 1973-2014","false"
"Daunt & Wanless IMLOT 1973-2150","Daunt & Wanless IMLOT 1973-2014","false"
"Daunt & Wanless IMLOT 1973-2151","Daunt & Wanless IMLOT 1973-2014","false"
"Daunt & Wanless IMLOT 1973-2152","Daunt & Wanless IMLOT 1973-2014","false"
"Daunt & Wanless IMLOT 1973-2153","Daunt & Wanless IMLOT 1973-2014","false"
"Daunt & Wanless IMLOT 1973-2154","Daunt & Wanless IMLOT 1973-2014","false"
"Daunt & Wanless IMLOT 1973-2155","Daunt & Wanless IMLOT 1973-2014","false"
"Daunt & Wanless IMLOT 1973-2156","Daunt & Wanless IMLOT 1973-2014","false"
"Daunt & Wanless IMLOT 1973-2157","Daunt & Wanless IMLOT 1973-2014","false"
"Daunt & Wanless IMLOT 1973-2158","Daunt & Wanless IMLOT 1973-2014","false"
"Daunt & Wanless IMLOT 1973-2014, Bull et al 2004 Ardea 92, 43–52","Daunt & Wanless IMLOT 1973-2014; Bull et al 2004 Ardea 92, 43–52","true"
"Daunt & Wanless IMLOT 1973-2014, Bull et al 2004 Ardea 92, 43–52 & Bull  et al 2001 JNCC Report, No. 315","Daunt & Wanless IMLOT 1973-2014; Bull et al 2004 Ardea 92, 43–52; Bull  et al 2001 JNCC Report, No. 315","true"
"Daunt & Wanless IMLOT 1973-2014, Harris & Wanless 1990 Journal of Applied Ecology 27,172–187, Harris & Wanless 1997 ICES Journal of Marine Science 54, 615–623, Rindorf 2000 Marine Ecology Progress Series 202, 241–252","Daunt & Wanless IMLOT 1973-2014; Harris & Wanless 1990 Journal of Applied Ecology 27,172–187; Harris & Wanless 1997 ICES Journal of Marine Science 54, 615–623; Rindorf 2000 Marine Ecology Progress Series 202, 241–252","true"
"Daunt & Wanless IMLOT 1973-2014, Harris & Wanless 1997 ICES Journal of Marine Science 54, 615–623, Rindorf 2000 Marine Ecology Progress Series 202, 241–252","Daunt & Wanless IMLOT 1973-2014; Harris & Wanless 1997 ICES Journal of Marine Science 54, 615–623; Rindorf 2000 Marine Ecology Progress Series 202, 241–252","true"
"Daunt & Wanless IMLOT 1973-2014, Harris & Wanless 1997 ICES Journal of Marine Science 54, 615–623, Rindorf 2000 Marine Ecology Progress Series 202, 241–252, Wanless & Harris 1992 Bird Study 39, 145–154","Daunt & Wanless IMLOT 1973-2014; Harris & Wanless 1997 ICES Journal of Marine Science 54, 615–623; Rindorf 2000 Marine Ecology Progress Series 202, 241–252; Wanless & Harris 1992 Bird Study 39, 145–154","true"
"Daunt & Wanless IMLOT 1973-2014, Harris & Wanless 1998 JNCC Report, No. 282, Bull et al 2004 Ardea 92, 43–52","Daunt & Wanless IMLOT 1973-2014; Harris & Wanless 1998 JNCC Report, No. 282; Bull et al 2004 Ardea 92, 43–52","true"
"Daunt & Wanless IMLOT 1973-2014, Harris et al 2005 JNCC Report, No. 375","Daunt & Wanless IMLOT 1973-2014; Harris et al 2005 JNCC Report, No. 375","true"
"Daunt & Wanless IMLOT 1973-2014, Newell et 2013  JNCC Report, No. 475b","Daunt & Wanless IMLOT 1973-2014; Newell et al 2013  JNCC Report, No. 475b","true"
"Daunt & Wanless IMLOT 1973-2014, Newell et al 2013 JNCC Report, No. 475a","Daunt & Wanless IMLOT 1973-2014; Newell et al 2013 JNCC Report, No. 475a","true"
"Daunt & Wanless IMLOT 1973-2014, Newell et al 2013 JNCC Report, No. 475c","Daunt & Wanless IMLOT 1973-2014; Newell et al 2013 JNCC Report, No. 475c","true"
"Daunt & Wanless IMLOT 1973-2014, Newell et al 2013 JNCC Report, No. 475d","Daunt & Wanless IMLOT 1973-2014; Newell et al 2013 JNCC Report, No. 475d","true"
"Daunt & Wanless IMLOT 1973-2014, Newell et al 2013 JNCC Report, No. 475e","Daunt & Wanless IMLOT 1973-2014; Newell et al 2013 JNCC Report, No. 475e","true"
"Daunt & Wanless IMLOT 1973-2014, Newell et al 2013 JNCC Report, No. 475f","Daunt & Wanless IMLOT 1973-2014; Newell et al 2013 JNCC Report, No. 475f","true"
"Daunt & Wanless IMLOT 1973-2014, Newell et al 2013 JNCC Report, No. 475g","Daunt & Wanless IMLOT 1973-2014; Newell et al 2013 JNCC Report, No. 475g","true"
"Daunt & Wanless IMLOT 1973-2014, Newell et al 2016 JNCC Report, No. 475h.","Daunt & Wanless IMLOT 1973-2014; Newell et al 2016 JNCC Report, No. 475h","true"
"Daunt & Wanless IMLOT 1973-2014, Newell et al 2016 JNCC Report, No. 475i.","Daunt & Wanless IMLOT 1973-2014; Newell et al 2016 JNCC Report, No. 475i","true"
"Daunt & Wanless IMLOT 1973-2014, Newell et al 2016 JNCC Report, No. 475j","Daunt & Wanless IMLOT 1973-2014; Newell et al 2016 JNCC Report, No. 475j","true"
"Daunt & Wanless IMLOT 1973-2014, Wilson et al 2002 JNCC Report, No. 328","Daunt & Wanless IMLOT 1973-2014; Wilson et al 2002 JNCC Report, No. 328","true"
"Daunt & Wanless IMLOT 1973-2014, Wilson et al 2003 JNCC Report, No. 338","Daunt & Wanless IMLOT 1973-2014; Wilson et al 2003 JNCC Report, No. 338","true"
"Daunt & Wanless IMLOT 1973-2014, Wilson et al 2005 JNCC Report, No. 362","Daunt & Wanless IMLOT 1973-2014; Wilson et al 2005 JNCC Report, No. 362","true"
"Evans 1975 Bird Study 22, 239-247","Evans 1975 Bird Study 22, 239-247","false"
"Fowler & Dye 1987 Seabird 10,71-74","Fowler & Dye 1987 Seabird 10,71-74","false"
"Francis Daunt","Francis Daunt","false"
"Furness & Todd 1984 Ibis 126: 379-387","Furness & Todd 1984 Ibis 126: 379-387","false"
"Furness 1990 Ibis 132,205-217","Furness 1990 Ibis 132, 205-217","false"
"Galbraith 1983 Bird Study 30, 109–120","Galbraith 1983 Bird Study 30, 109–120","false"
"Gray et al 2003 J Zool 259,109-113","Gray et al 2003 J Zool 259,109-113","false"
"Gray et al 2003 J Zool 259,109-113, Phillips et al 1999 Mar Biol 135,159-170","Gray et al 2003 J Zool 259,109-113; Phillips et al 1999 Mar Biol 135,159-170","true"
"Halley et al 1995 Seabird 17, 12-20","Halley et al 1995 Seabird 17, 12-20","false"
"Hamer et al 2007 Marine Ecology - Progress Series 338, 295-305.","Hamer et al 2007 Marine Ecology - Progress Series 338, 295-305","false"
"Hamer et al 2007 Marine Ecology - Progress Series 338, 295-305, Hamer et al 2000 MEPS 200,257-264","Hamer et al 2007 Marine Ecology - Progress Series 338, 295-305; Hamer et al 2000 MEPS 200, 257-264","true"
"Harris & Hislop 1978 J Zool 185: 213-236.","Harris & Hislop 1978 J Zool 185: 213-236.","false"
"Harris & Riddiford 1989 Scottish Birds 15,119-125","Harris & Riddiford 1989 Scottish Birds 15, 119-125","false"
"Harris & Riddisford 1989 Scott Birds 15,119","Harris & Riddiford 1989 Scottish Birds 15, 119-125","false"
"Harris & Riddiford 1989 Scottish Birds 15, 126–130","Harris & Riddiford 1989 Scottish Birds 15, 119-125","false"
"Harris & Riddiford 1989 Scottish Birds 15: 119-125","Harris & Riddiford 1989 Scottish Birds 15, 119-125","false"
"Harris & Riddisford 1989 Scottish Birds 15, 119-125","Harris & Riddiford 1989 Scottish Birds 15, 119-125","false"
"Harris & Riddisford 1989 Scottish Birds 15:119-125","Harris & Riddiford 1989 Scottish Birds 15, 119-125","false"
"in Harris & Wanless 1985 J Zool 207, 441-458","Harris & Wanless 1985 J Zool 207, 441-458","false"
"Harris & Wanless 1985 J Zool 207, 441-458","Harris & Wanless 1985 J Zool 207, 441-458","false"
"Harris & Wanless 1986 Ornis Scand 17, 41-46","Harris & Wanless 1986 Ornis Scand 17, 41-46","false"
"Harris & Wanless 1990 Journal of Applied Ecology 27,172–187","Harris & Wanless 1990 Journal of Applied Ecology 27,172–187","false"
"Harris & Wanless 1990 Journal of Applied Ecology 27,172–187, Swann et al 2008 Seabird 21, 44–54","Harris & Wanless 1990 Journal of Applied Ecology 27,172–187; Swann et al 2008 Seabird 21, 44-54","false"
"Harris & Wanless 1991 Ornis Scandinavica 22,375-382","Harris & Wanless 1991 Ornis Scandinavica 22,375-382","false"
"Harris & Wanless 1993 Bird Study 40,135-139","Harris & Wanless 1993 Bird Study 40,135-139","false"
"Harris 1970 Ibis 112, 540-541","Harris 1970 Ibis 112, 540-541","false"
"Harvey et al 1990 Fair Isle Bird Observatory Report 42, 47-54","Harvey et al 1990 Fair Isle Bird Observatory Report 42, 47-54","false"
"Hatchwell 1991 Ibis 133, 153-161","Hatchwell 1991 Ibis 133, 153-161","false"
"Heubeck 2009 Seabird 22, 9-18","Heubeck 2009 Seabird 22, 9-18","false"
"Howells et al 2017 MEPS 583,227-242","Howells et al 2017 MEPS 583, 227-242","false"
"Lewis et al 2001 Marine Ecology Progress Series 221, 277–284","Lewis et al 2001 Marine Ecology Progress Series 221, 277–284","false"
"Lewis et al 2003 Ardea 91, 167-176","Lewis et al 2003 Ardea 91, 167-176","false"
"Lumsden & Haddow 1946 Journal of Animal Ecology 15,35-42","Lumsden & Haddow 1946 Journal of Animal Ecology 15,35-42","false"
"Martin 1989 Bird Study 36: 170-187","Martin 1989 Bird Study 36:3, 170-180","false"
"Martin 1989 Bird Study 36:3, 170-180","Martin 1989 Bird Study 36:3, 170-180","false"
"Miles et al 2015 PLoSONE 10: e0131527","Miles et al 2015 PLoSONE 10: e0131527","false"
"Mills 1969 Scottish Birds 5,264-268","Mills 1969 Scottish Birds 5,264-268","false"
"Newell et al 2016 JNCC Report, No. 475k","Newell et al 2016 JNCC Report, No. 475k","false"
"Ojowski et al 2001 Mar Biol 139,1193-2000","Ojowski et al 2001 Mar Biol 139,1193-2000","false"
"Pearson 1698 Journal of Animal Ecology 37,521-552","Pearson 1968 J Anim Ecol 37, 521-552","false"
"Pearson 1968 J Anim Ecol 37, 521-552","Pearson 1968 J Anim Ecol 37, 521-552","false"
"Pearson 1968 J Anim Ecol 37: 521-552","Pearson 1968 J Anim Ecol 37, 521-552","false"
"Pearson 1968 Journal of Animal Ecology 37, 521–552.","Pearson 1968 J Anim Ecol 37, 521-552","false"
"Riordan & Birkhead 2017 Ibis","Riordan & Birkhead 2017 Ibis","false"
"Robertson et al 2014 Marine Biology, 161, 1973–1986","Robertson et al 2014 Marine Biology, 161, 1973–1986","false"
"Shaw et al 2002 JNCC Report, No. 332","Shaw et al 2002 JNCC Report, No. 332","false"
"Snow 1960 Ibis 102,554.575","Snow 1960 Ibis 102, 554-575","false"
"Stauss et al 2012 Marine Ecology - Progress Series 457, 151-162","Stauss et al 2012 Marine Ecology - Progress Series 457, 151-162","false"
"Stauss et al 2012 Marine Ecology - Progress Series 457, 151-163","Stauss et al 2012 Marine Ecology - Progress Series 457, 151-162","false"
"Stauss et al 2012 Marine Ecology - Progress Series 457, 151-164","Stauss et al 2012 Marine Ecology - Progress Series 457, 151-162","false"
"Stauss et al 2012 Marine Ecology - Progress Series 457, 151-165","Stauss et al 2012 Marine Ecology - Progress Series 457, 151-162","false"
"Stauss et al 2012 Marine Ecology - Progress Series 457, 151-166","Stauss et al 2012 Marine Ecology - Progress Series 457, 151-162","false"
"Stauss et al 2012 Marine Ecology - Progress Series 457, 151-167","Stauss et al 2012 Marine Ecology - Progress Series 457, 151-162","false"
"Stevens 1933 J Mar Biol Assoc UK 19,277-292","Stevens 1933 J Mar Biol Assoc UK 19,277-292","false"
"Swann 1998 JNCC Report, No. 286.","Swann 1998 JNCC Report, No. 286.","false"
"Swann 2004 http://jncc.defra.gov.uk/pdf/474a_Canna_2004_web.pdf","Swann 2004 JNCC Report, No. 474a","false"
"Swann 2013  JNCC Report, No. 474g","Swann 2013  JNCC Report, No. 474g","false"
"Swann 2013  JNCC Report, No. 474h","Swann 2013  JNCC Report, No. 474h","false"
"Swann 2013 JNCC Report, No. 474e","Swann 2013 JNCC Report, No. 474e","false"
"Swann 2013 JNCC Report, No. 474f","Swann 2013 JNCC Report, No. 474f","false"
"Swann et al 2008 Seabird 21, 44-54","Swann et al 2008 Seabird 21, 44-54","false"
"Swann et al 2008 Seabird 21, 44–54","Swann et al 2008 Seabird 21, 44-54","false"
"Swann et al 2008 Seabirds 21,44-54","Swann et al 2008 Seabird 21, 44-54","false"
"Swann et al 2008 Seabird 21, 44–54, Swann 2000 JNCC Report, No. 304","Swann et al 2008 Seabird 21, 44-54; Swann 2000 JNCC Report, No. 304","false"
"Swann et al 2008 Seabird 21, 44–54, Swann 2004 JNCC Report, No.361","Swann et al 2008 Seabird 21, 44-54; Swann 2004 JNCC Report, No. 361","false"
"Swann et al 2008 Seabird 21, 44–54, Swann 2013 JNCC Report, No. 474d","Swann et al 2008 Seabird 21, 44-54; Swann 2013 JNCC Report, No. 474d","false"
"Swann et al 2016 JNCC Report, No. 474i","Swann et al 2016 JNCC Report, No. 474i","false"
"Swann et al 2016 JNCC Report, No. 474ij","Swann et al 2016 JNCC Report, No. 474j","false"
"Swann et al 2016 JNCC Report, No. 474k","Swann et al 2016 JNCC Report, No. 474k","false"
"Swann et al 2016 JNCC Report, No. 474l","Swann et al 2016 JNCC Report, No. 474l","false"
"Thaxter et al 2009 J Avain Biol 40, 75-84","Thaxter et al 2009 J Avian Biol 40, 75-84","false"
"Thompson et al 1995 MEPS 125,3-11","Thompson et al 1995 MEPS 125,3-11","false"
"Thompson, K. 1987. THE ECOLOGY OF THE MANX SHEARWATER PUFFINUS PJJFFINUSON RHUM, WEST SCOTLAND. Unpubl. Thesis University of Glasgow","Thompson, K. 1987. THE ECOLOGY OF THE MANX SHEARWATER PUFFINUS PJJFFINUSON RHUM, WEST SCOTLAND. Unpubl. Thesis University of Glasgow","false"
"Votier et al 2010 J Appl Ecol 47, 487-497","Votier et al 2010 J Appl Ecol 47, 487-497","false"
"Votier et al 2010 J Appl Ecol 47, 487-498","Votier et al 2010 J Appl Ecol 47, 487-497","false"
"Votier et al 2010 J Appl Ecol 47, 487-499","Votier et al 2010 J Appl Ecol 47, 487-497","false"
"Votier et al 2010 J Appl Ecol 47, 487-500","Votier et al 2010 J Appl Ecol 47, 487-497","false"
"Wagner 1987 Seabird 19,58-59","Wagner 1987 Seabird 19,58-59","false"
"Wakefield et al 2015 Ecology 96, 3058-3074","Wakefield et al 2015 Ecology 96, 3058-3074","false"
"Wakefield et al 2015 Ecology 96, 3058-3075","Wakefield et al 2015 Ecology 96, 3058-3074","false"
"Wakefield et al 2015 Ecology 96, 3058-3076","Wakefield et al 2015 Ecology 96, 3058-3074","false"
"Wakefield et al 2015 Ecology 96, 3058-3077","Wakefield et al 2015 Ecology 96, 3058-3074","false"
"Wakefield et al 2015 Ecology 96, 3058-3078","Wakefield et al 2015 Ecology 96, 3058-3074","false"
"Wakefield et al 2015 Ecology 96, 3058-3079","Wakefield et al 2015 Ecology 96, 3058-3074","false"
"Wakefield et al 2015 Ecology 96, 3058-3080","Wakefield et al 2015 Ecology 96, 3058-3074","false"
"Wakefield et al 2015 Ecology 96, 3058-3081","Wakefield et al 2015 Ecology 96, 3058-3074","false"
"Wakefield et al 2015 Ecology 96, 3058-3082","Wakefield et al 2015 Ecology 96, 3058-3074","false"
"Wakefield et al 2015 Ecology 96, 3058-3083","Wakefield et al 2015 Ecology 96, 3058-3074","false"
"Wanless 1984 Seabird 7,62-70","Wanless 1984 Seabird 7,62-70","false"
"Wanless et al 2005 MEPS 294, 1-8","Wanless et al 2005 MEPS 294, 1-8","false"
"Wilson et al 2005 Ardea 92, 197-207","Wilson et al 2004 Ardea 92, 197-207","false"
"Wright & Bailey (n.d.) Marine Laboratory Aberdeen Fisheries Research Report, 15/93.","Wright & Bailey (n.d.) Marine Laboratory Aberdeen Fisheries Research Report, 15/93.","false"